{
    "name": "tr_etl_auhealthexpnd",
    "properties": {
        "annotations": [],
        "runtimeState": "Started",
        "pipelines": [
            {
                "pipelineReference": {
                    "referenceName": "pl_etl_auhealthexpnd_data",
                    "type": "PipelineReference"
                }
            }
        ],
        "type": "ScheduleTrigger",
        "typeProperties": {
            "recurrence": {
                "frequency": "Month",
                "interval": 3,
                "startTime": "2023-12-22T15:24:00",
                "endTime": "2023-12-23T05:46:00",
                "timeZone": "AUS Central Standard Time"
            }
        }
    }
}