{
    "name": "ds_auhealthexpnd23_raw_csv_http",
    "properties": {
        "linkedServiceName": {
            "referenceName": "ls_http_auhealthexpnd23_source",
            "type": "LinkedServiceReference",
            "parameters": {
                "sourceBaseURL": {
                    "value": "@dataset().sourceBaseURL",
                    "type": "Expression"
                }
            }
        },
        "parameters": {
            "sourceBaseURL": {
                "type": "string"
            },
            "sourceRelativeURL": {
                "type": "string"
            }
        },
        "annotations": [],
        "type": "DelimitedText",
        "typeProperties": {
            "location": {
                "type": "HttpServerLocation",
                "relativeUrl": {
                    "value": "@dataset().sourceRelativeURL",
                    "type": "Expression"
                }
            },
            "columnDelimiter": ",",
            "escapeChar": "\\",
            "firstRowAsHeader": true,
            "quoteChar": "\""
        },
        "schema": []
    },
    "type": "Microsoft.DataFactory/factories/datasets"
}