{
    "name": "ds_auhealthexpnd23_file_list_sa",
    "properties": {
        "linkedServiceName": {
            "referenceName": "ls_ablob_auhealthexpnd23sa",
            "type": "LinkedServiceReference"
        },
        "annotations": [],
        "type": "Json",
        "typeProperties": {
            "location": {
                "type": "AzureBlobStorageLocation",
                "fileName": "source_file_list.json",
                "container": "configs"
            }
        },
        "schema": {}
    },
    "type": "Microsoft.DataFactory/factories/datasets"
}