{
    "name": "ds_auhealthexpnd23_raw_csv_dl",
    "properties": {
        "linkedServiceName": {
            "referenceName": "ls_adls_auhealthexpnd23dl",
            "type": "LinkedServiceReference"
        },
        "parameters": {
            "fileName": {
                "type": "string"
            }
        },
        "annotations": [],
        "type": "DelimitedText",
        "typeProperties": {
            "location": {
                "type": "AzureBlobFSLocation",
                "fileName": {
                    "value": "@dataset().fileName",
                    "type": "Expression"
                },
                "fileSystem": "raw"
            },
            "columnDelimiter": ",",
            "escapeChar": "\\",
            "firstRowAsHeader": true,
            "quoteChar": "\""
        },
        "schema": []
    },
    "type": "Microsoft.DataFactory/factories/datasets"
}