{
    "name": "pl_etl_auhealthexpnd_data",
    "properties": {
        "activities": [
            {
                "name": "Execute Databricks Ingestion",
                "type": "ExecutePipeline",
                "dependsOn": [
                    {
                        "activity": "Execute Extraction",
                        "dependencyConditions": [
                            "Succeeded"
                        ]
                    }
                ],
                "policy": {
                    "secureInput": false
                },
                "userProperties": [],
                "typeProperties": {
                    "pipeline": {
                        "referenceName": "pl_ingest_auhealthexpnd_data",
                        "type": "PipelineReference"
                    },
                    "waitOnCompletion": true
                }
            },
            {
                "name": "Execute Extraction",
                "type": "ExecutePipeline",
                "dependsOn": [],
                "policy": {
                    "secureInput": false
                },
                "userProperties": [],
                "typeProperties": {
                    "pipeline": {
                        "referenceName": "pl_extract_auhealthexpnd_source_data",
                        "type": "PipelineReference"
                    },
                    "waitOnCompletion": true
                }
            },
            {
                "name": "Execute Databricks Transformation and Load",
                "type": "ExecutePipeline",
                "dependsOn": [
                    {
                        "activity": "Execute Databricks Ingestion",
                        "dependencyConditions": [
                            "Succeeded"
                        ]
                    }
                ],
                "policy": {
                    "secureInput": false
                },
                "userProperties": [],
                "typeProperties": {
                    "pipeline": {
                        "referenceName": "pl_transform_auhealthexpnd_data",
                        "type": "PipelineReference"
                    },
                    "waitOnCompletion": true
                }
            }
        ],
        "annotations": [],
        "lastPublishTime": "2023-12-22T05:45:03Z"
    },
    "type": "Microsoft.DataFactory/factories/pipelines"
}