{
    "name": "ls_http_auhealthexpnd23_source",
    "type": "Microsoft.DataFactory/factories/linkedservices",
    "properties": {
        "parameters": {
            "sourceBaseURL": {
                "type": "string"
            }
        },
        "annotations": [],
        "type": "HttpServer",
        "typeProperties": {
            "url": "@{linkedService().sourceBaseURL}",
            "enableServerCertificateValidation": true,
            "authenticationType": "Anonymous"
        }
    }
}